{"cameraMode":{"drawMode":0,"name":"Shaded","section":"Shading Mode"},"sceneLighting":false,"audioPlay":false,"sceneViewState":{"m_AlwaysRefresh":false,"showFog":true,"showSkybox":false,"showFlares":true,"showImageEffects":true,"showParticleSystems":true,"showVisualEffectGraphs":true,"m_FxEnabled":true},"in2DMode":false,"pivot":{"x":3.2444677352905275,"y":2.707034111022949,"z":-4.258819580078125},"rotation":{"x":0.026853304356336595,"y":0.9727015495300293,"z":-0.17731325328350068,"w":0.14730830490589143},"size":1.7615492343902588,"orthographic":false}