{"cameraMode":{"drawMode":0,"name":"Shaded","section":"Shading Mode"},"sceneLighting":true,"audioPlay":false,"sceneViewState":{"m_AlwaysRefresh":false,"showFog":true,"showSkybox":true,"showFlares":true,"showImageEffects":true,"showParticleSystems":true,"showVisualEffectGraphs":true,"m_FxEnabled":true},"in2DMode":false,"pivot":{"x":0.9756255149841309,"y":4.240713596343994,"z":2.9458823204040529},"rotation":{"x":0.2563827633857727,"y":0.4232847988605499,"z":-0.12622597813606263,"w":0.8597518801689148},"size":0.8373469710350037,"orthographic":false}