{"cameraMode":{"drawMode":0,"name":"Shaded","section":"Shading Mode"},"sceneLighting":true,"audioPlay":false,"sceneViewState":{"m_AlwaysRefresh":false,"showFog":true,"showSkybox":true,"showFlares":true,"showImageEffects":true,"showParticleSystems":true,"showVisualEffectGraphs":true,"m_FxEnabled":true},"in2DMode":false,"pivot":{"x":2.5055270195007326,"y":0.7624619007110596,"z":-1.9129304885864258},"rotation":{"x":0.006153884809464216,"y":0.9626333117485046,"z":-0.26984983682632449,"w":0.02195279859006405},"size":4.034213066101074,"orthographic":false}